intersection_id,avg_queue_length_ns,avg_queue_length_ew,avg_waiting_time_ns,avg_waiting_time_ew,avg_cycle_length,avg_green_time_ns,avg_green_time_ew,throughput_ns,throughput_ew
int_1,0,12,0.0,28.333333333333332,120,55,55,759.2018040627689,723.6705776376742
int_2,0,18,0.0,26.88888888888889,120,55,55,798.9589284888468,909.5162571859389
int_3,0,10,0.0,21.5,120,55,55,715.7244730890986,708.9386201930281
int_4,0,10,0.0,26.7,120,55,55,832.953704261876,756.9005802288458
