condition,current_volume,predicted_volume,queue_length,waiting_time,cycle_length,green_proportion,green_time_ns,green_time_ew
Light traffic,30,40,5,15,49.44444444444445,0.5,24.722222222222225,24.722222222222225
Medium traffic,100,110,20,45,105.0000000000001,0.49999999999999983,52.500000000000036,52.50000000000007
Heavy traffic,180,190,40,90,162.27513227513222,0.6357660455486543,103.16901913744562,59.1061131376866
Increasing traffic,80,150,15,30,159.32692307692307,0.5000000000000001,79.66346153846155,79.66346153846152
Decreasing traffic,120,60,25,60,52.02380952380951,0.49999999999999983,26.01190476190475,26.011904761904766
